,Unnamed: 0,title,ingredients,directions,link,source,NER
1872688,1872688,Old-Fashioned All-American Apple Pie,"[""1 recipe Thin Butter Crust"", ""6 to 8 freshly picked firm and slightly tart apples, such as Rhode Island Greenings, Gravensteins or Granny Smiths (about 3 pounds)"", ""granulated sugar (see Note)"", ""ground cinnamon"", ""about 3 tablespoons sifted all-purpose flour"", ""3 tablespoons butter, cut in small bits""]","[""1."", ""Prepare the pie dough, divide half and roll out each half no more than 1/4 inch thick."", ""Line a 9-inch pie pan with one."", ""Keep lined pan and top crust chilled."", ""2."", ""Preheat the oven to 375 degrees."", ""Peel and core the apples and slice them about 1/4 inch thick."", ""Toss with sugar and cinnamon to taste and with the flour."", ""Fill the pie with the apple slices, mounding them somewhat in the center."", ""Dot with butter."", ""Cover loosely with the top crust, using a little water to seal the crusts together."", ""Crimp the edges."", ""Using a fork or the tip of a knife, make several vents in the top crust."", ""3."", ""Place in the preheated oven and bake for 1 hour or until golden brown."", ""The smell will tell you when it is ready."", ""Serve while still warm.""]",www.epicurious.com/recipes/food/views/old-fashioned-all-american-apple-pie-104114,Recipes1M,"[""recipe Thin Butter"", ""apples"", ""sugar"", ""ground cinnamon"", ""flour"", ""butter""]"
2100696,2100696,Chicken and Rice Casserole,"[""1 stewed chicken, picked of meat"", ""1 (10 3/4 ounce) can cream of chicken soup"", ""14 cup bell pepper, chopped fine"", ""2 cups chicken broth"", ""1 cup dry rice"", ""12 cup butter, cut in slices"", ""1 chopped onion"", ""salt and pepper""]","[""Shred chicken and add other ingredients."", ""Put in casserole and bake at 325 for one hour."", ""Stir at least 3 times while cooking."", ""(May need to cook longer, test the rice for doneness."", "").""]",www.food.com/recipe/chicken-and-rice-casserole-511202,Recipes1M,"[""chicken"", ""cream of chicken soup"", ""bell pepper"", ""chicken broth"", ""rice"", ""butter"", ""onion"", ""salt""]"
1198345,1198345,Mediterranean Meatball Ratatouille,"[""2 tablespoons olive oil, divided"", ""1 lb bulk mild Italian sausage"", ""1 (8 ounce) package sliced mushrooms"", ""1 small eggplant, diced"", ""1 zucchini, diced"", ""1/2 cup chopped onion"", ""1 garlic clove, minced"", ""1 teaspoon dried oregano leaves, divided"", ""2 teaspoons salt, divided"", ""1/2 teaspoon black pepper, divided"", ""2 tomatoes, diced"", ""1 tablespoon tomato paste"", ""2 tablespoons chopped fresh basil"", ""1 teaspoon fresh lemon juice""]","[""Pour 1 tablespoon olive oil into 5-quart slow cooker."", ""Shape sausage into 1-inch meatballs. Place half the meatballs in slow cooker."", ""Add half the mushrooms, eggplant and zucchini."", ""Top with onion, garlic, 1/2 teaspoon oregano, 1 teaspoon salt and 1/4 teaspoon pepper."", ""Add remaining meatballs, mushrooms, eggplant and zucchini, 1/2 teaspoon oregano, 1 teaspoon salt and 1/4 teaspoon pepper."", ""Top with remaining 1 tablespoon olive oil."", ""Cover; cook on low 6 to 7 hours."", ""Stir in diced tomatoes and tomato paste."", ""Cover; cook on low 15 minutes."", ""Stir in basil and lemon; serve.""]",www.food.com/recipe/mediterranean-meatball-ratatouille-203183,Gathered,"[""olive oil"", ""Italian sausage"", ""mushrooms"", ""eggplant"", ""zucchini"", ""onion"", ""garlic"", ""oregano"", ""salt"", ""black pepper"", ""tomatoes"", ""tomato paste"", ""fresh basil"", ""lemon juice""]"
1280098,1280098,Layered Ham And Spinach Salad ,"[""16 CUPS TORN FRESH SPINACH"", ""1 TSP SUGAR. 1 TSP PEPPER"", ""1/4 TSP SALT"", ""6 HARD BOILED EGGS (CHOPPED)"", ""1 1/2 CUPS FULLY COOKED CUBED HAM"", ""1 MED. RED ONION SLICED"", ""1 ENVELOPE RANCH DRESSING MIX"", ""1 1/2 CUPS MIRACLE WHIP"", ""1 CUP(8 OZ) SOUR CREAM"", ""2 CUPS SHREDDED SWISS CHEESE"", ""1/2 CUP BACON"", ""COOKED AND CRUMBLED""]","[""PLACE 2/3 OF SPINACH IN A LARGE SALAD BOWL, SPRINKLE W/ HALF OF SUGAR, SALT & PEPPER, TOP W/ EGGS, HAM & REMAINING SPINACH, SPRINKLE W/ REMAINING SUGAR, SALT, & PEPPER, ARRANGE ONION SLICES ON TOP, IN A BOWL, COMBINE DRESSING MIX, SOUR CREAM & MIRACLE WHIP, SPREAD OVER ONIONS, SPRINKLE W/ CHEESE & BACON, REFRIGERATE UNTIL READY TO SERVE.""]",www.epicurious.com/recipes/member/views/layered-ham-and-spinach-salad-1271077,Gathered,"[""FRESH SPINACH"", ""SUGAR"", ""SALT"", ""EGGS"", ""HAM"", ""RED ONION"", ""RANCH DRESSING"", ""MIRACLE WHIP"", ""SWISS CHEESE"", ""BACON""]"
1560570,1560570,Rustic Glazed Carrots,"[""1 Tablespoon Unsalted Butter"", ""12 whole Small Carrots (usually Labeled \""baby Carrots\""), Peeled"", ""1 pinch Light Brown Sugar"", ""1 pinch Herbes De Provence"", ""1/2 teaspoons Olive Oil"", ""1 dash Red Pepper Flakes"", ""1 dash Salt""]","[""Melt butter in a saute pan over medium heat. Add carrots and remaining ingredients. Saute for 12-15 minutes or until carrots are fork tender.""]",tastykitchen.com/recipes/sidedishes/rustic-glazed-carrots/,Gathered,"[""Butter"", ""Carrots"", ""Brown Sugar"", ""Olive Oil"", ""Red Pepper"", ""Salt""]"
1017900,1017900,White Chocolate & Macadamia Tart,"[""1 1/4 cups plain flour"", ""150 g cold butter, chopped"", ""1/2 cup macadamia nuts"", ""1/3 cup icing sugar"", ""2 egg yolks"", ""1 teaspoon ice water"", ""FILLING"", ""2 (180 g) blocks white chocolate, chopped"", ""4 egg yolks"", ""2 eggs"", ""1/4 cup caster sugar"", ""1/3 cup thickened cream"", ""1 teaspoon vanilla extract"", ""1/2 cup macadamia nuts""]","[""Preheat oven to moderately slow, 160\u00b0C, and lightly grease a 23cm springform flan pan."", ""Place flour, butter, nuts and icing sugar in a food processor and process until well-combined, add egg yolks and water and process until the ingredients just come together."", ""Turn onto a lightly floured surface, knead gently, wrap in plastic wrap and chill for 30 minutes."", ""Roll out the pastry between 2 sheets of baking paper, ease into prepared pan, trim the edges and chill for 10 minutes."", ""Bake blind (see Note below) for 15 minutes, remove paper and filling, and bake for another 10 minutes."", ""FILLING: Melt 250g chocolate in a small saucepan over a low heat; in a small bowl, using an electric beater, beat the egg yolks, eggs and caster sugar until the mixture is thick and creamy; stir in the cream, vanilla extract and melted chocolate."", ""Sprinkle the pastry base with macadamia nuts, pour the chocolate mixture into the pastry case; bake for 35-40 minutes or until the filling is set."", ""Cool to room temperature."", ""Serve the tart, drizzled with the remaining melted white chocolate."", ""NOTE: To blind bake, put rice, dried beans or pastry weights in the pastry shell, then bake as directed.""]",www.food.com/recipe/white-chocolate-macadamia-tart-159510,Gathered,"[""flour"", ""cold butter"", ""nuts"", ""icing sugar"", ""egg yolks"", ""water"", ""FILLING"", ""blocks white chocolate"", ""egg yolks"", ""eggs"", ""caster sugar"", ""cream"", ""vanilla"", ""nuts""]"
623930,623930,Coconut Raisin Pie,"[""1 c. sugar"", ""1 stick melted margarine"", ""3 beaten eggs"", ""pinch of salt"", ""1 Tbsp. vinegar"", ""1/2 c. coconut"", ""1/2 c. chopped pecans"", ""1/2 c. seedless raisins"", ""1 pie shell""]","[""Mix these ingredients well."", ""Pour into unbaked pie shell. Cook 35 to 40 minutes at 325\u00b0.""]",www.cookbooks.com/Recipe-Details.aspx?id=578755,Gathered,"[""sugar"", ""margarine"", ""eggs"", ""salt"", ""vinegar"", ""coconut"", ""pecans"", ""raisins"", ""pie shell""]"
933662,933662,Cajun Crab Soup,"[""1/2 cup unsalted butter"", ""1 onion, chopped"", ""2 cloves garlic, minced"", ""1/4 cup all-purpose flour"", ""2 cups clam juice"", ""2 cups chicken broth"", ""1 (10 ounce) package frozen white corn"", ""1 teaspoon salt"", ""1/2 teaspoon ground white pepper"", ""1/4 teaspoon dried thyme"", ""1/4 teaspoon ground cayenne pepper"", ""2 cups heavy cream"", ""1 pound lump crabmeat, drained"", ""4 green onions, chopped""]","[""Melt butter in a large saucepan over medium heat. Saute onion and garlic until onion is tender. Whisk in flour, and cook 2 minutes. Stir in clam juice and chicken broth, and bring to a boil. Mix in corn, and season with salt, white pepper, thyme, and cayenne. Reduce heat, and simmer 15 minutes."", ""Stir in cream, crab meat, and green onions. Heat through, but do not boil once the cream has been added.""]",www.allrecipes.com/recipe/25667/cajun-crab-soup/,Gathered,"[""unsalted butter"", ""onion"", ""garlic"", ""all-purpose"", ""clam juice"", ""chicken broth"", ""frozen white corn"", ""salt"", ""ground white pepper"", ""thyme"", ""ground cayenne pepper"", ""heavy cream"", ""lump crabmeat"", ""green onions""]"
550386,550386,Red Rice,"[""2 packs kielbasa sausage, sliced (average 2.5 lb.)*"", ""14 to 16 oz. frozen raw shrimp"", ""2 individual family-size packs Success Rice, cooked, or 4 c. cooked rice"", ""1 can tomato paste"", ""1 large green pepper, diced"", ""1 medium onion, diced"", ""1/2 c. catsup"", ""1 tsp. hot sauce"", ""pepper to taste"", ""6 oz. water"", ""2 Tbsp. Old Bay seafood seasoning""]","[""*Recommend Eckrich or Hillshire Farms.""]",www.cookbooks.com/Recipe-Details.aspx?id=1006374,Gathered,"[""kielbasa sausage"", ""shrimp"", ""Rice"", ""tomato paste"", ""green pepper"", ""onion"", ""catsup"", ""hot sauce"", ""pepper"", ""water"", ""Bay seafood seasoning""]"
1384428,1384428,Vanilla Cheesecake With Raspberry Sauce,"[""For the cheesecake"", ""9-10 graham crackers, crushed into crumbs"", ""1 tablespoon granulated sugar"", ""3 tablespoons unsalted butter, melted and cooled"", ""4 packets cream cheese (8 oz each), room temperature"", ""1 cup granulated sugar"", ""4 large eggs, room temperature"", ""1 teaspoon vanilla extract"", ""1 cup heavy cream (keep it out of the fridge for about 30 min before using)"", ""Hot water for the water bath"", ""For the raspberry sauce"", ""1 small package fresh raspberries (about 6 oz)"", ""1/2 cup water"", ""1/2 cup granulated sugar""]","[""Preheat the oven to 350 degrees. Wrap the outside of a 9 inch springform pan with aluminum foil."", ""To make the crust, place the graham crackers in a ziplock bag and crush the crackers using the back of a heavy spoon or flat meat tenderizer. Place the crumbs into a bowl and toss with the Tbs of granulated sugar. Add the melted butter, using a fork to incorporate the butter throughout the crumbs. Place the mixture into the springform pan and press it into the bottom, evening out and flattening the crust. Set aside."", ""To make the cheesecake filling, place the 4 cream cheese packages into the bowl of an electric mixer and beat until smooth. It's important to have the cheese at room temperature, otherwise it won't beat properly. Add the granulated sugar and beat to incorporate. Add the eggs one at a time, beating well before adding another. Add the vanilla extract and place the mixer on medium-low speed. With the mixer running, slowly add the heavy cream in a stream. Once added, raise the speed to medium high and beat until the entire mixture is smooth. You may need to scrape the bowl with a spatula and beat the mixture some more if there are any lumps at the bottom."", ""Pour the filling into the prepared crust. Set the springform pan into the center of a larger square or rectangular pan that is at least 1-1 1/2 inches deep. Boil some water in a kettle or put hot tap water in a pitcher and pour the water into the rectangular pan so that the water is at least 1/2 inch to 1 inch deep (be careful not to get water into the springform pan with the cheesecake). This forms the water bath that will help prevent the cheesecake from cracking."", ""Carefully place the pans together into the oven and bake for about 55-60 minutes. When done, the middle of the cheesecake should still jiggle when moved, but the edges should be slightly more firm and the top a very light golden color. Be careful not to overcook the cheesecake or the texture will be heavy instead of creamy."", ""Remove the pans from the oven. Take the springform pan out of the water bath and remove the aluminum foil wrapping. Place on a wire rack to cool completely. Once the cheesecake has cooled, you can remove the outer ring of the pan (you may want to run a knife along the edge first). Place the cheesecake on a plate or stand and cover with cellophane. Refrigerate the cheesecake overnight."", ""To serve the cheesecake, allow it to stand at room temperature for about 45 minutes before cutting."", ""Combine the water and sugar in a small saucepan and bring to a simmer, just to melt the sugar. Set aside to cool. Place the cooled sugar water and the raspberries in a blender and puree until smooth. Drizzle some sauce over each slice of cheesecake.""]",food52.com/recipes/11497-vanilla-cheesecake-with-raspberry-sauce,Gathered,"[""cheesecake"", ""crackers"", ""sugar"", ""unsalted butter"", ""packets cream cheese"", ""sugar"", ""eggs"", ""vanilla"", ""heavy cream"", ""water"", ""raspberry sauce"", ""fresh raspberries"", ""water"", ""granulated sugar""]"
1822820,1822820,Baked Pecan Chicken,"[""1- 1/2 cup Pecans, Finely Chopped"", ""2 Tablespoons Parsley, Chopped"", ""1- 1/2 teaspoon Salt"", ""1/4 teaspoons Chili Powder"", ""2 whole Egg Whites"", ""4 whole Chicken Breasts, Skinned""]","[""Preheat oven to 400 degrees F."", ""In a large bowl combine pecans, parsley, salt, and chili powder."", ""In another bowl add the egg whites."", ""Place one chicken breast into the egg whites and coat each side."", ""Then place in the pecan mixture, making sure its well coated on each side."", ""Place all chicken breasts on a greased sheet and cook for 22-25 minutes.""]",tastykitchen.com/recipes/main-courses/baked-pecan-chicken/,Recipes1M,"[""Pecans"", ""Parsley"", ""Salt"", ""Chili Powder"", ""Egg Whites"", ""Chicken Breasts""]"
1488059,1488059,Gentlemen'S Relish Recipe,"[""8 ounces (2 sticks) butter, room temperature"", ""8 ounces (4 tins) flat anchovies, drained"", ""1/4 teaspoon ground cinnamon"", ""1/4 teaspoon white pepper"", ""1/4 teaspoon cayenne pepper"", ""Dash of fresh grated nutmeg"", ""Kosher salt and cracked black pepper, to taste""]","[""Combine butter, anchovies, cinnamon, white pepper, cayenne pepper, and nutmeg in a food processor and pulse until well combined. Taste for seasoning and add additional salt and pepper if necessary. Alternatively, mash butter with a wooden spoon in a large bowl and then finely chop the anchovies. Add anchovies, cinnamon, white pepper, cayenne pepper, and nutmeg to the bowl, and mix to combine. Season to taste with salt and pepper and mix again."", ""Use right away as a spread on toast with sliced cucumber or watercress, or use as an additional ingredient to a cottage pie or scrambled eggs, or as a salty condiment for a baked potato, and even as a topping for a seared steak. Gentlemen's relish will keep in a sealed container in the refrigerator for up to 2 weeks, or wrapped in plastic and frozen for up to three months.""]",www.seriouseats.com/recipes/2012/11/gentlemens-relish-recipe.html,Gathered,"[""butter"", ""flat anchovies"", ""ground cinnamon"", ""white pepper"", ""cayenne pepper"", ""nutmeg"", ""Kosher salt""]"
1183421,1183421,Italian Sausage Puttanesca,"[""8 ounces penne pasta"", ""8 ounces hot Italian sausage"", ""1 cup onion, chopped"", ""1 cup green bell pepper, chopped"", ""3 garlic cloves, minced"", ""2 (14 1/2 ounce) cans chopped tomatoes"", ""1/2 cup kalamata olive, pitted and chopped"", ""2 tablespoons tomato paste"", ""1 tablespoon capers, drained"", ""1 teaspoon anchovy paste"", ""1/2 cup parmesan cheese, finely shredded""]","[""Cook pasta according to package directions."", ""Drain well."", ""Meanwhile, remove casings from sasage and saute with onion, pepper and garlic over medium-high heat, stirring and crumbling sausage until sausage is done and vegetables softened (about 7 or 8 minutes)."", ""Remove from heat and drain off fat."", ""Add tomatoes, olives, tomato paste, capers and anchovy paste to pan and bring to a boil. (I like to give the tomatoes a couple of pulses in the food processor to break them up a little)."", ""Reduce heat and simmer for 5 minutes."", ""Remove from heat."", ""Add pasta and stir to combine."", ""Spray 8-inch square casserole dish with non-stick spray."", ""Spoon mixture into casserole and sprinkle evenly with Parmesan cheese."", ""Bake at 400\u00b0F for about 15 minutes until cheese melts and begins to brown.""]",www.food.com/recipe/italian-sausage-puttanesca-91360,Gathered,"[""penne pasta"", ""sausage"", ""onion"", ""green bell pepper"", ""garlic"", ""tomatoes"", ""kalamata olive"", ""tomato paste"", ""capers"", ""anchovy paste"", ""parmesan cheese""]"
768129,768129,Caramel Popcorn,"[""4 1/2 qt. popcorn"", ""1 c. brown sugar"", ""1/2 c. butter or margarine"", ""1/4 c. light or dark corn syrup"", ""1/2 tsp. salt"", ""1/2 tsp. vanilla"", ""1/4 tsp. soda""]","[""Place popcorn into 2 large mixing bowls."", ""Mix sugar, butter, syrups and salt in a medium saucepan."", ""Bring to a boil and let boil 5 minutes on medium heat."", ""Stir in vanilla and soda."", ""Mix well."", ""Slowly pour over popcorn."", ""Stir in well."", ""Drop into a greased jelly roll pan."", ""Bake 1 hour at 250\u00b0."", ""Don't stir."", ""Store in an airtight bowl.""]",www.cookbooks.com/Recipe-Details.aspx?id=425050,Gathered,"[""popcorn"", ""brown sugar"", ""butter"", ""light"", ""salt"", ""vanilla"", ""soda""]"
1764513,1764513,Strawberry Chicken,"[""1 can tomato sauce"", ""1 cup strawberry jam"", ""2 tablespoons red wine vinegar"", ""1 tablespoon chili powder"", ""1/2 teaspoon thyme dried"", ""1/2 teaspoon ginger ground"", ""4 each chicken breast halves, boneless, skinless or, 12 skinless chicken thighs"", ""1/2 cup scallions, spring or green onions thinly sliced""]","[""In a shallow 3 quart casserole dish, mix tomato sauce, jam, vinegar, chili powder, thyme and ginger."", ""Rinse chicken and pat dry, then add to sauce and turn to coat."", ""Bake in a 400F (200C) oven, basting occasionally until no longer pink."", ""Remove and garnish with onions."", ""Serve over brown rice with green beans (that's what I did anyway) or whatever side dishes you like best.""]",recipeland.com/recipe/v/strawberry-chicken-40085,Recipes1M,"[""tomato sauce"", ""strawberry jam"", ""red wine vinegar"", ""chili powder"", ""thyme"", ""ginger ground"", ""chicken breast halves"", ""scallions""]"
392716,392716,Breakfast Pizza,"[""2 pkg. crescent rolls"", ""2 pkg. country gravy mix, prepared following pkg. directions"", ""1 roll sausage, prepared and drained"", ""2 c. Mozzarella cheese, shredded""]","[""Press rolls on bottom and halfway up sides of 9 x 13 pan. Bake as directed on pan or until lightly brown. Prepare gravy and cook sausage. Pour gravy over rolls. Sprinkle sausage over gravy. Add cheese. Bake in oven for 10 minutes.""]",www.cookbooks.com/Recipe-Details.aspx?id=113583,Gathered,"[""crescent rolls"", ""country gravy mix"", ""roll sausage"", ""Mozzarella cheese""]"
1646278,1646278,Vegetables and Mixed Rice Casserole,"[""cooking spray"", ""1 12 cups sliced mushrooms"", ""1 cup sliced zucchini"", ""12 cup chopped onion"", ""12 cup chopped green bell pepper"", ""12 cup chopped red bell pepper"", ""1 teaspoon dried thyme"", ""1 (6 ounce) packet brown and wild rice mix (cooked with seasoning packet)"", ""1 (15 ounce) can pinto beans, drained and rinsed"", ""1 cup corn"", ""1 cup sour cream"", ""1 cup shredded cheddar cheese"", ""salt and pepper""]","[""Saute vegetables and thyme until tender, 8-10 minutes."", ""Combine rice, vegetables, corn, sour cream, 1/2 cup cheese; season to taste with salt and pepper."", ""Spoon into a 2 quart casserole; sprinkle with remaining cheese."", ""Bake, uncovered, at 350 until hot through, 30-40 minutes.""]",www.food.com/recipe/vegetables-and-mixed-rice-casserole-510576,Recipes1M,"[""cooking spray"", ""mushrooms"", ""zucchini"", ""onion"", ""green bell pepper"", ""red bell pepper"", ""thyme"", ""brown"", ""pinto beans"", ""corn"", ""sour cream"", ""cheddar cheese"", ""salt""]"
909019,909019,Buttercream-Coconut Cake Icing,"[""1/2 cup unsalted butter, softened"", ""1/2 cup vegetable shortening"", ""1 teaspoon vanilla extract"", ""3 cups confectioners' sugar, sifted"", ""2 tablespoons milk, or as needed"", ""1 (7 ounce) package sweetened flaked coconut, divided"", ""1/4 cup chopped pecans""]","[""Beat butter and shortening with an electric mixer in a large bowl until smooth; beat in vanilla extract."", ""Gradually beat confectioners' sugar into butter mixture until well blended. The mixture will appear dry."", ""Stir enough milk into butter mixture to achieve desired consistency for icing."", ""Fold half the coconut into the icing; spread icing over cake."", ""Sprinkle remaining coconut and pecans over icing.""]",www.allrecipes.com/recipe/221110/buttercream-coconut-cake-icing/,Gathered,"[""unsalted butter"", ""vegetable shortening"", ""vanilla"", ""sugar"", ""milk"", ""coconut"", ""pecans""]"
106815,106815,Rhubarb Wine,"[""2 qt. diced rhubarb"", ""3 lb. sugar"", ""2 sliced lemons"", ""1 gal. boiling water"", ""1 lb. raisins"", ""1/2 yeast cake""]","[""Put"", ""rhubarb into crock and pour boiling water over it. Cover and"", ""let"", ""stand"", ""for"", ""24 hours."", ""Strain and reheat; add sugar, raisins and lemons."", ""When lukewarm, add one half yeast cake, dissolved in a little water."", ""Keep well covered for four weeks, stirring"", ""often."", ""Strain"", ""and"", ""filter,"", ""then"", ""place in bottles and completely seal after fermenting has stopped.""]",www.cookbooks.com/Recipe-Details.aspx?id=740701,Gathered,"[""rhubarb"", ""sugar"", ""lemons"", ""boiling water"", ""raisins"", ""yeast""]"
663960,663960,Denver Potato Pie,"[""6 eggs"", ""1/2 tsp. onion powder"", ""1/2 tsp. thyme"", ""1/4 tsp. salt"", ""1/8 tsp. pepper"", ""3 c. frozen hash brown potatoes"", ""1 c. shredded Swiss cheese"", ""1/2 c. diced ham"", ""1/2 c. chopped green pepper"", ""1 tomato, thinly sliced""]","[""Preheat oven to 350\u00b0."", ""Grease a 9 inch pie pan."", ""Mix eggs, onion powder, thyme, salt and pepper."", ""Mix well."", ""Add potatoes, cheese, ham and green pepper."", ""Bake 40 to 45 minutes; garnish with tomato slices."", ""Makes 6 servings.""]",www.cookbooks.com/Recipe-Details.aspx?id=24905,Gathered,"[""eggs"", ""onion powder"", ""thyme"", ""salt"", ""pepper"", ""frozen hash brown potatoes"", ""Swiss cheese"", ""ham"", ""green pepper"", ""tomato""]"
883923,883923,Hummus Dip,"[""2 (8 oz.) cans garbanzo beans"", ""6 oz. tahini dip (jar)"", ""1/2 c. olive oil"", ""1/2 c. fresh lemon juice"", ""4 cloves fresh peeled garlic"", ""1/2 tsp. salt"", ""1/2 tsp. pepper""]","[""Mix all ingredients together and chop in food processor."", ""If too thick, add a little more lemon juice."", ""Excellent Arabic dish. This recipe will serve 4 people.""]",www.cookbooks.com/Recipe-Details.aspx?id=910133,Gathered,"[""garbanzo beans"", ""tahini"", ""olive oil"", ""lemon juice"", ""garlic"", ""salt"", ""pepper""]"
360887,360887,Pistachio Salad(Green Stuff)  ,"[""1 (3 3/4 oz.) box pistachio instant pudding (Jell-O)"", ""1 (20 oz.) can crushed pineapple"", ""1 (9 oz.) carton Cool Whip"", ""1 1/2 c. miniature marshmallows"", ""1 c. chopped walnuts or pecans (not needed)""]","[""Stir pudding mix into canned pineapple in a bowl."", ""Stir in Cool Whip and marshmallows."", ""Add nuts (optional)."", ""Chill well before serving."", ""Can be served with dinner or as a dessert."", ""Great for the holidays.""]",www.cookbooks.com/Recipe-Details.aspx?id=478347,Gathered,"[""pistachio instant pudding"", ""pineapple"", ""marshmallows"", ""walnuts""]"
1668965,1668965,Shamrock Cookies,"[""1 box vanilla cake mix"", ""1 pinch of green sprinkles per cookies"", ""2 eggs"", ""1 tbsp green food coloring""]","[""combine cakemix, egg, and food coloring in a bowl."", ""preheat oven to 375*F"", ""mix the cuncoction until smooth and creamy"", ""when done mixing, roll dough into 1 inch balls"", ""place onto cookie sheets"", ""press a glass/cup with flour and/or sugar on bottom"", ""cook for 9 min."", ""sprinkle on the green sprinkles, then cook for 2-3 more minute"", ""Enjoy You Yummy SHAMROCK COOKIES!"", ""DO NOT ADD WATER IN THE MIXTURE""]",cookpad.com/us/recipes/336042-shamrock-cookies,Recipes1M,"[""vanilla cake mix"", ""green sprinkles"", ""eggs"", ""green food coloring""]"
1431835,1431835,Grilled Chicken And Roasted Red Pepper Sandwiches With Fontina Cheese,"[""1 pound skinless, boneless chicken breast halves"", ""1 tablespoon fresh lemon juice"", ""1 tablespoon Dijon mustard"", ""2 teaspoons extravirgin olive oil"", ""1/4 teaspoon dried marjoram"", ""1/4 teaspoon dried thyme"", ""5 garlic cloves, minced and divided"", ""Cooking spray"", ""1 cup vertically sliced onion"", ""1 teaspoon sugar"", ""3/4 teaspoon fennel seeds, crushed"", ""1/4 teaspoon crushed red pepper"", ""1/4 teaspoon salt"", ""1 (7-ounce) bottle roasted red bell peppers, drained and sliced"", ""1 tablespoon red wine vinegar"", ""1/8 teaspoon freshly ground black pepper"", ""1 (12-ounce) loaf rosemary focaccia, cut in half horizontally"", ""4 teaspoons low-fat mayonnaise"", ""3 ounces fontina cheese, thinly sliced""]","[""Place chicken between 2 sheets of heavy-duty plastic wrap, and pound to 3/4-inch thickness using a meat mallet or rolling pin."", ""Combine juice, mustard, oil, marjoram, thyme, 1 garlic clove, and chicken in a large zip-top plastic bag; seal. Marinate in refrigerator 2 hours, turning occasionally."", ""Heat a large nonstick skillet over medium-high heat. Coat pan with cooking spray. Add remaining 4 garlic cloves, onion, sugar, fennel, crushed red pepper, and salt, and saute 1 minute. Add roasted bell peppers; cook 5 minutes or until onions are tender, stirring frequently. Stir in vinegar and black pepper."", ""Prepare grill to medium-high heat."", ""Remove chicken from bag; discard marinade. Place chicken on grill rack coated with cooking spray; grill 5 minutes on each side or until done. Cool slightly; cut chicken into slices."", ""Spread cut sides of bread evenly with mayonnaise. Arrange cheese on bottom half of bread. Arrange chicken and pepper mixture over cheese. Top with top half of bread; press lightly."", ""Place stuffed loaf on grill rack; grill 3 minutes on each side or until cheese melts. Cut into quarters.""]",www.myrecipes.com/recipe/grilled-chicken-roasted-red-pepper-sandwiches-with-fontina-cheese,Gathered,"[""skinless"", ""lemon juice"", ""mustard"", ""extravirgin olive oil"", ""marjoram"", ""thyme"", ""garlic"", ""Cooking spray"", ""onion"", ""sugar"", ""fennel seeds"", ""red pepper"", ""salt"", ""red bell peppers"", ""red wine vinegar"", ""freshly ground black pepper"", ""rosemary focaccia"", ""low-fat mayonnaise"", ""fontina cheese""]"
2076770,2076770,Lisa's Green Enchilada,"[""1 (12 ounce) can low-fat cream of mushroom soup"", ""1 (12 ounce) can cream of chicken soup"", ""12 ounces skim milk"", ""1 small onion"", ""1 (4 ounce) can mushrooms (optional)"", ""8 ounces cheddar cheese"", ""12 lb green chili pepper"", ""15 -20 corn tortillas""]","[""Preheat the oven to 375 degrees."", ""Heat soups and milk completely through."", ""Chop onion, chili, and mushrooms in the food processor."", ""Combine with the heated soup."", ""Shred cheese."", ""Place some of the soup mixture on the bottom of a baking pan."", ""Place 5 tortillas on top of the soup mixture."", ""Pour more soup and top with cheese."", ""Repeat the pattern until all soup is gone."", ""Bake covered in a preheated oven for 30 minutes."", ""Uncover and bake and additional 15 to 20 minutes.""]",www.food.com/recipe/lisas-green-enchilada-164842,Recipes1M,"[""low-fat cream of mushroom soup"", ""cream of chicken soup"", ""milk"", ""onion"", ""mushrooms"", ""cheddar cheese"", ""green chili pepper"", ""corn tortillas""]"
1306925,1306925,Banana Split With Curried Chocolate-Coconut Sauce ,"[""6 ounces bittersweet or semisweet chocolate, chopped"", ""2 tablespoons (1/4 stick) unsalted butter"", ""1/4 cup canned sweetened cream of coconut (such as Coco Lopez)"", ""2 tablespoons dark rum"", ""2 teaspoons curry powder"", ""1 teaspoon finely grated lime peel"", ""3/4 cup chilled whipping cream"", ""1 tablespoon powdered sugar"", ""4 bananas, peeled, halved lengthwise"", ""1 quart vanilla ice cream"", ""1 cup 1/3- to 1/2-inch cubes peeled cored pineapple"", ""Sweetened flaked coconut, toasted""]","[""Stir chocolate and butter in medium saucepan over low heat until smooth. Whisk in next 4 ingredients. (Can be made 1 day ahead. Cover and chill.) Stir sauce over low heat until just warm."", ""Whisk cream and powdered sugar in medium bowl to peaks; chill until ready to use. Arrange 2 banana halves in each of 4 long shallow dishes. Add 3 scoops ice cream to each dish. Spoon warm sauce over ice cream. Top with pineapple, whipped cream, and toasted coconut.""]",www.epicurious.com/recipes/food/views/banana-split-with-curried-chocolate-coconut-sauce-234829,Gathered,"[""bittersweet"", ""butter"", ""cream of coconut"", ""dark rum"", ""curry powder"", ""lime peel"", ""chilled whipping cream"", ""powdered sugar"", ""bananas"", ""vanilla ice cream"", ""pineapple"", ""flaked coconut""]"
1227204,1227204,Garlic Cheese Roll,"[""1 lb sharp cheddar cheese"", ""1 lb medium cheddar"", ""16 ounces cream cheese"", ""1 cup grated pecans (chopped fine)"", ""3 garlic cloves, chopped fine"", ""paprika""]","[""Grate Sharp Cheddar and Medium Cheddar cheese. Add cream cheese. Let it set at room temperature for 4 hours. Mix all ingredients. Shape into rolls ( i call them logs) about 6 or 8 inches long and about as wide as an egg i would say. This recipe will make about 6 logs. Roll them into the paprika until they are well dusted. Wrap them in foil and place in fridge overnight. They will keep for 4 weeks in fridge. After chilling, slice and serve them with crackers."", ""Note* Aside from the 4 hours you have to set it out, it take about an hour to do the rest, but is well worth it!""]",www.food.com/recipe/garlic-cheese-roll-468701,Gathered,"[""cheddar cheese"", ""cheddar"", ""cream cheese"", ""pecans"", ""garlic"", ""paprika""]"
686293,686293,Lamb Spareribs (Navajo)(Modern)  ,"[""4 lb. spareribs"", ""1/2 c. butter"", ""1/2 c. honey"", ""1/4 c. lemon juice"", ""1/2 tsp. crushed cumin seed"", ""2 tsp. grated onion"", ""1 tsp. dried oregano"", ""2 cloves garlic"", ""1 1/2 c. flour"", ""1 Tbsp. salt"", ""1 Tbsp. pepper""]","[""Heat butter; add honey, lemon juice, onion, garlic and seasonings."", ""Rub mixture of flour, salt and pepper into ribs. Grill ribs 5 minutes over hot coals."", ""Baste with sauce and turn often while cooking for additional 20 minutes.""]",www.cookbooks.com/Recipe-Details.aspx?id=199426,Gathered,"[""spareribs"", ""butter"", ""honey"", ""lemon juice"", ""cumin"", ""onion"", ""oregano"", ""garlic"", ""flour"", ""salt"", ""pepper""]"
1983431,1983431,Porchetta,"[""11 pounds Pork Belly, Thick Skin Intact"", ""2 heads Garlic, Minced"", ""6 sprigs Fresh Rosemary, Finely Chopped"", ""1/2 cups Sage, Finely Chopped"", ""1/2 cups Fresh Thyme, Chopped"", ""2 Tablespoons Toasted Fennel, Ground"", ""3 Tablespoons Salt"", ""2 Tablespoons Cracked Black Pepper"", ""1/4 cups Olive Oil"", ""4 pounds Pork Shoulder, Butterflied"", ""1 Tablespoon Additional Salt, Pepper, Chopped Rosemary, Thyme, Sage"", ""15 slices Pancetta, Thinly Sliced"", ""3 whole Large Carrots"", ""3 whole Celery Ribs"", ""3 cups Chicken Stock"", ""Olive Oil, To Drizzle Over Porchetta"", ""Salt To Taste""]","[""Begin by making crisscross incisions on the meat side of the pork belly, being careful not to cut through the skin."", ""Do this for the whole pork belly."", ""Add the minced garlic and herbs to a bowl."", ""Drizzle enough olive oil until it just becomes wet."", ""Set aside."", ""Generously season the pork belly with salt and pepper."", ""Take the garlic and herb mixture and begin massaging it into the pork belly, making sure you get into all of the incisions made in the meat."", ""Roll, and securely wrap it in plastic wrap."", ""Place this in the refrigerator for 3 days."", ""Season the pork shoulder with some salt, pepper, and the additional herbs, just enough to lightly coat."", ""Lay down the pancetta on a flat surface, making it a blanket for your pork shoulder."", ""Add the shoulder to the pancetta and carefully roll into place."", ""Place in a large plastic bag, seal, and refrigerate for 3 days."", ""When you are ready to prepare the porchetta, take the shoulder and belly from the refrigerator and let them come to room temperature."", ""Unroll the pork belly."", ""To the top of the pork belly, add the pork shoulder, making sure everything is nice and snug."", ""Roll the porchetta, lengthwise, into a roll."", ""Take your kitchen twine and begin securing the porchetta."", ""Now, what you end up with is a pretty darn long pork roll."", ""My guess is that it will be too long for your roasting pan, so simply cut the porchetta in half and roast them in 2 separate roasting pans."", ""To the bottom of your roasting pan, add the carrots and the celery stalks, laying the porchetta, skin side up, on top of the vegetables."", ""Pour in the stock."", ""Drizzle a bit of olive oil onto the skin and massage it all over the skin."", ""Season with a bit more salt."", ""Preheat your oven to 450 degrees F."", ""Lay your roasting pan in the preheated oven and cook for roughly 45 minutes."", ""Take in the smell, its amazing."", ""After this time, begin basting the top of the skin with the pan juices every 30-40 minutes."", ""Your total cook time for the porchetta will be roughly 4 hours."", ""After this time, remove the porchetta from the oven and lay on your cutting board."", ""Let this rest for about 20 minutes so that all of the juices distribute throughout the porchetta."", ""Remove the butchers twine and discard."", ""With a serrated knife, or better yet an electric knife if you have one, begin slicing through the crisp pork skin, then through the succulent pork."", ""Cut into rounds if you can."", ""Plate on a large serving dish for your guests."", ""A layer of crisp pork fat, then a wonderful blend of herbs and pancetta, followed by succulent pork shoulder, every bite is succulent and extremely delicious."", ""This porchetta was the perfect meal to serve lots of people, inexpensive compared to most other holiday meals, and I had plenty of leftovers for some really killer sandwiches.""]",tastykitchen.com/recipes/main-courses/porchetta-2/,Recipes1M,"[""Pork Belly"", ""Garlic"", ""Rosemary"", ""Fresh Thyme"", ""Toasted Fennel"", ""Salt"", ""Pepper"", ""Olive Oil"", ""Pork Shoulder"", ""Salt"", ""Carrots"", ""Celery"", ""Chicken"", ""Olive Oil"", ""Salt""]"
1167683,1167683,Simple Baked Apples,"[""4 apples"", ""1/4 cup sugar"", ""1/4 teaspoon cinnamon"", ""1/8 teaspoon nutmeg""]","[""Preheat oven to 400* F."", ""Core apples and place in a baking dish"", ""Blend sugar with spices; spoon an equal amunt into each apple."", ""Cover bottom of baking dish with 1/4 inch boiling water."", ""Bake until soft (30 minutes or more)."", ""Several times during baking, spoon pan juices over apples.""]",www.food.com/recipe/simple-baked-apples-354844,Gathered,"[""apples"", ""sugar"", ""cinnamon"", ""nutmeg""]"
